site,id,date,year,month,day
Knysna,Danny,2014/03/26,2014,3,26
Knysna,Jacques,2014/03/26,2014,3,26
Knysna,Adrian,2014/03/28,2014,3,28
Knysna,Krista,2014/03/28,2014,3,28
Knysna,Liaan,2014/03/28,2014,3,28
Knysna,Linda,2014/03/28,2014,3,28
Knysna,Tiffany,2014/03/28,2014,3,28
Knysna,Ben,2014/04/25,2014,4,25
Knysna,Matt,2014/04/25,2014,4,25
Knysna,Nora,2014/04/25,2014,4,25
Knysna,Nadine,2014/04/25,2014,4,25
Knysna,Ryan,2014/04/25,2014,4,25
Knysna,Liaan,2014/04/25,2014,4,25
Knysna,Tegan,2014/04/25,2014,4,25
Knysna,Tiffany,2014/04/25,2014,4,25
Knysna,Jacques,2014/06/12,2014,6,12
Knysna,Adrian,2014/06/12,2014,6,12
Knysna,Ale,2014/06/12,2014,6,12
Knysna,Linda,2014/06/12,2014,6,12
Knysna,Michelle,2014/06/12,2014,6,12
Knysna,Pierre,2014/06/12,2014,6,12
Knysna,Marlon,2014/08/09,2014,8,9
Knysna,Vaughn,2014/08/09,2014,8,9
Knysna,Jorika,2014/11/06,2014,11,6
Knysna,Danny,2015/01/22,2015,1,22
Knysna,Liaan,2015/01/22,2015,1,22
Knysna,Ryan,2015/01/22,2015,1,22
Knysna,Larize,2015/01/22,2015,1,22
Knysna,Nick,2015/01/22,2015,1,22
Knysna,Krista,2015/01/22,2015,1,22
Knysna,Craig,2015/01/22,2015,1,22
Knysna,Deidre,2015/01/22,2015,1,22
Knysna,Cuen,2015/01/22,2015,1,22
Knysna,Matt,2015/01/23,2015,1,23
Knysna,Michelle,2015/01/23,2015,1,23
Knysna,Ben,2015/01/23,2015,1,23
Knysna,Craig,2015/01/23,2015,1,23
Knysna,Deidre,2015/01/23,2015,1,23
Knysna,Nora,2015/01/23,2015,1,23
Knysna,Ryan,2015/01/23,2015,1,23
Knysna,Sourav,2015/01/23,2015,1,23
Knysna,Karien,2015/01/23,2015,1,23
Knysna,Ryan,2014/06/12,2014,6,12
Knysna,Sanra,2014/06/12,2014,6,12
Knysna,Stefan,2014/06/12,2014,6,12
Knysna,Steve,2014/06/12,2014,6,12
Knysna,Ben,2014/07/28,2014,7,28
Knysna,Nadine,2014/07/28,2014,7,28
Knysna,Ryan,2014/07/28,2014,7,28
Knysna,Tegan,2014/07/28,2014,7,28
Knysna,Nelson,2015/01/22,2015,1,22
Knysna,Liaan,2015/02/20,2015,2,20
Knysna,Ryan,2015/02/20,2015,2,20
Knysna,Nelson,2015/02/20,2015,2,20
Knysna,Crystal,2015/02/20,2015,2,20
Knysna,Jackie,2015/02/20,2015,2,20
Knysna,Nick,2015/02/20,2015,2,20
Knysna,Larize,2015/02/20,2015,2,20
Knysna,Marlon,2015/02/20,2015,2,20
Knysna,Danny,2015/02/20,2015,2,20
Knysna,Jerry,2015/02/20,2015,2,20
Knysna,Christiaan,2015/02/20,2015,2,20
Knysna,Nelson,2015/02/26,2015,2,26
Knysna,Liaan,2015/02/26,2015,2,26
Knysna,Chris,2015/03/18,2015,3,18
Knysna,Grey,2015/03/18,2015,3,18
Knysna,Tiffany,2015/03/19,2015,3,19
Knysna,Ben,2015/03/19,2015,3,19
Knysna,Nora,2015/03/19,2015,3,19
Knysna,Nora,2015/03/20,2015,3,20
Knysna,Ben,2015/03/20,2015,3,20
Knysna,Dream,2015/03/20,2015,3,20
Knysna,Tiffany,2015/03/20,2015,3,20
Knysna,Beirut,2015/04/10,2015,4,10
Knysna,Matt,2015/04/11,2015,4,11
Knysna,Nora,2015/04/11,2015,4,11
Knysna,Ben,2015/04/11,2015,4,11
Knysna,Tiffany,2015/04/11,2015,4,11
Knysna,Adrian,2015/04/11,2015,4,11
Knysna,Daniel,2015/04/11,2015,4,11
Knysna,Larize,2015/05/10,2015,5,10
Knysna,Luca,2015/05/12,2015,5,12
Knysna,Jacques,2015/05/12,2015,5,12
Knysna,Pierre,2015/05/12,2015,5,12
Knysna,Christiaan,2015/05/12,2015,5,12
Knysna,Sanra,2015/05/12,2015,5,12
Knysna,Water,2015/05/12,2015,5,12
Knysna,Jerry,2015/06/07,2015,6,7
Knysna,Rogan,2015/06/07,2015,6,7
Knysna,Warrant,2015/06/07,2015,6,7
Knysna,Nora,2015/06/08,2015,6,8
Knysna,Ben,2015/06/08,2015,6,8
Plettenberg,Steve,2014/05/25,2014,5,25
Plettenberg,Sanra,2014/05/25,2014,5,25
Plettenberg,Roslynne,2014/05/25,2014,5,25
Plettenberg,Pierre,2014/05/25,2014,5,25
Plettenberg,Maverick,2014/05/25,2014,5,25
Plettenberg,Maverick,2014/05/25,2014,5,25
Plettenberg,Grey,2014/05/25,2014,5,25
Plettenberg,Pierre,2014/05/26,2014,5,26
Plettenberg,Michelle,2014/07/11,2014,7,11
Plettenberg,Jacques,2014/07/11,2014,7,11
Plettenberg,Christiaan,2014/07/11,2014,7,11
Plettenberg,Eric,2014/07/11,2014,7,11
Plettenberg,Johan,2014/07/11,2014,7,11
Plettenberg,Evelyn,2014/07/11,2014,7,11
Plettenberg,Eric,2014/07/11,2014,7,11
Plettenberg,Krista,2014/07/11,2014,7,11
Plettenberg,Christiaan,2014/07/11,2014,7,11
Plettenberg,Michelle,2014/07/11,2014,7,11
Plettenberg,Daniel,2014/07/11,2014,7,11
Plettenberg,Evelyn,2014/07/11,2014,7,11
Plettenberg,Johan,2014/07/11,2014,7,11
Plettenberg,Michelle,2014/07/11,2014,7,11
Plettenberg,Christiaan,2014/07/11,2014,7,11
Plettenberg,Johan,2014/07/11,2014,7,11
Plettenberg,Eric,2014/07/11,2014,7,11
Plettenberg,Daniel,2014/07/11,2014,7,11
Plettenberg,Evelyn,2014/07/11,2014,7,11
Plettenberg,Matthys,2014/07/13,2014,7,13
Plettenberg,Grey,2014/09/15,2014,9,15
Plettenberg,Evelyn,2014/09/16,2014,9,16
Plettenberg,Nick,2014/09/16,2014,9,16
Plettenberg,Christiaan,2014/09/16,2014,9,16
Plettenberg,Grey,2014/09/16,2014,9,16
Plettenberg,Nick,2014/09/16,2014,9,16
Plettenberg,Adrian,2014/09/16,2014,9,16
Plettenberg,Evelyn,2014/09/16,2014,9,16
Plettenberg,Ale,2014/09/16,2014,9,16
Plettenberg,Gareth,2014/09/16,2014,9,16
Plettenberg,Johan,2014/09/16,2014,9,16
Plettenberg,Roslynne,2014/09/16,2014,9,16
Plettenberg,Michelle,2014/10/24,2014,10,24
Plettenberg,Nick,2014/10/24,2014,10,24
Plettenberg,Grey,2014/10/24,2014,10,24
Plettenberg,Crystal,2014/10/24,2014,10,24
Plettenberg,Sabina,2015/01/24,2015,1,24
Plettenberg,Christiaan,2015/01/24,2015,1,24
Plettenberg,Cuen,2015/01/24,2015,1,24
Plettenberg,Grey,2015/01/24,2015,1,24
Plettenberg,Ale,2015/01/24,2015,1,24
Plettenberg,Frikkie,2015/01/24,2015,1,24
Plettenberg,Gareth,2015/01/24,2015,1,24
Plettenberg,Adrian,2015/01/24,2015,1,24
Plettenberg,Michelle,2015/01/24,2015,1,24
Plettenberg,Jono,2015/01/24,2015,1,24
Plettenberg,Maverick,2015/01/24,2015,1,24
Plettenberg,Andrea,2015/01/24,2015,1,24
Plettenberg,Nasreen,2015/01/24,2015,1,24
Plettenberg,Keigan,2015/01/24,2015,1,24
Plettenberg,Noks,2015/01/24,2015,1,24
Plettenberg,Louis,2015/01/24,2015,1,24
Plettenberg,Water,2015/01/24,2015,1,24
Plettenberg,Stefan,2015/01/24,2015,1,24
Plettenberg,Chris,2015/01/24,2015,1,24
Plettenberg,Tracy,2015/01/24,2015,1,24
Plettenberg,Sabina,2015/01/24,2015,1,24
Plettenberg,Grey,2015/01/24,2015,1,24
Plettenberg,Sabina,2015/02/23,2015,2,23
Plettenberg,Sanra,2015/02/23,2015,2,23
Plettenberg,Grey,2015/02/23,2015,2,23
Plettenberg,Christiaan,2015/06/10,2015,6,10
Plettenberg,Roslynne,2015/06/18,2015,6,18
Tsitsikamma,Evelyn,2014/06/28,2014,6,28
Tsitsikamma,Johan,2014/06/28,2014,6,28
Tsitsikamma,Matthys,2015/01/26,2015,1,26
Tsitsikamma,Maverick,2015/01/26,2015,1,26
Tsitsikamma,Tracy,2015/01/26,2015,1,26
Tsitsikamma,Richard,2015/01/26,2015,1,26
Tsitsikamma,Eric,2015/01/26,2015,1,26
Tsitsikamma,Jono,2015/01/26,2015,1,26
Tsitsikamma,Louis,2015/01/26,2015,1,26
Tsitsikamma,Nasreen,2015/01/26,2015,1,26
Tsitsikamma,Dean,2015/01/26,2015,1,26
Tsitsikamma,Andrea,2015/01/26,2015,1,26
Tsitsikamma,Pierre,2015/03/13,2015,3,13
Tsitsikamma,Sanra,2015/03/13,2015,3,13
Tsitsikamma,Gareth,2015/03/13,2015,3,13
Tsitsikamma,Ale,2015/03/13,2015,3,13
Tsitsikamma,Adrian,2015/05/20,2015,5,20
Tsitsikamma,Luca,2015/05/20,2015,5,20
Tsitsikamma,Christiaan,2015/05/20,2015,5,20
Tsitsikamma,Sanra,2015/05/20,2015,5,20
Tsitsikamma,Rabia,2015/05/20,2015,5,20
Tsitsikamma,Cole,2015/05/20,2015,5,20
Tsitsikamma,Pierre,2015/05/20,2015,5,20
Tsitsikamma,Grey,2015/05/20,2015,5,20
Tsitsikamma,Bryan,2015/05/20,2015,5,20
Tsitsikamma,Cuen,2015/05/20,2015,5,20
Tsitsikamma,Beauty,2015/02/09,2015,2,9
Tsitsikamma,Matthys,2015/03/24,2015,3,24
Tsitsikamma,Noks,2015/03/24,2015,3,24
